Workbook

Sheet Dashboard
B2: GenLayer — Programa de Embajadores
B3: 10 posts por embajador en 10 semanas (03/08/2026 – 11/10/2026)
B5: Presupuesto
B6: Budget aprobado ($) | C6: 12000
B7: Comprometido con KOLs ($) | C7: =Seguimiento!D16 -> 13500
B8: Margen vs budget ($) | C8: =C6-C7 -> -1500
B9: Devengado a hoy ($) | C9: =Seguimiento!Q16 -> 0
B10: Pagado ($) | C10: =Seguimiento!R16 -> 0
B11: Pendiente de pago ($) | C11: =Seguimiento!S16 -> 0
B13: ⚠ Ojo: lo comprometido ($13.500) supera el budget ($12.000) en $1.500 — @Zaimiri va a $2.500.
B15: Progreso de contenido
B16: Embajadores | C16: 12
B17: Posts objetivo | C17: 120
B18: Posts entregados | C18: =Seguimiento!O16 -> 0
B19: Progreso | C19: =C18/C17 -> 0
B21: Cómo se usa
B22: • Cada semana, pega el link del post de cada embajador en su celda (hoja 'Seguimiento').
B23: • 'Posts' y '% del objetivo' se calculan solos contando las celdas con link.
B24: • 'Devengado' = tarifa × posts/10 (lo ganado hasta ahora). Cuando pagues, apunta el importe en 'Pagado ($)'.
B25: • Celdas amarillas = se rellenan a mano. Lo demás son fórmulas, no tocar.

Sheet Seguimiento
A1: Seguimiento semanal — pega el link del post en la celda de su semana
A3: # | B3: KOL | C3: Perfil X | D3: Tarifa ($) | E3: S1 3 ago | F3: S2 10 ago | G3: S3 17 ago | H3: S4 24 ago | I3: S5 31 ago | J3: S6 7 sep | K3: S7 14 sep | L3: S8 21 sep | M3: S9 28 sep | N3: S10 5 oct | O3: Posts | P3: % del objetivo | Q3: Devengado ($) | R3: Pagado ($) | S3: Pendiente ($)
A4: 1 | B4: @Gujjuiixi | C4: https://x.com/Gujjuiixi | D4: 1000 | O4: =COUNTA(E4:N4) -> 0 | P4: =O4/10 -> 0 | Q4: =D4*O4/10 -> 0 | S4: =Q4-R4 -> 0
A5: 2 | B5: @Rakib_web3 | C5: https://x.com/Rakib_web3 | D5: 1000 | O5: =COUNTA(E5:N5) -> 0 | P5: =O5/10 -> 0 | Q5: =D5*O5/10 -> 0 | S5: =Q5-R5 -> 0
A6: 3 | B6: @Notjazii | C6: https://x.com/Notjazii | D6: 1000 | O6: =COUNTA(E6:N6) -> 0 | P6: =O6/10 -> 0 | Q6: =D6*O6/10 -> 0 | S6: =Q6-R6 -> 0
A7: 4 | B7: @Hasantoxr | C7: https://x.com/Hasantoxr | D7: 1000 | O7: =COUNTA(E7:N7) -> 0 | P7: =O7/10 -> 0 | Q7: =D7*O7/10 -> 0 | S7: =Q7-R7 -> 0
A8: 5 | B8: @Tuge8888 | C8: https://x.com/Tuge8888 | D8: 1000 | O8: =COUNTA(E8:N8) -> 0 | P8: =O8/10 -> 0 | Q8: =D8*O8/10 -> 0 | S8: =Q8-R8 -> 0
A9: 6 | B9: @Alphabatcher | C9: https://x.com/Alphabatcher | D9: 1000 | O9: =COUNTA(E9:N9) -> 0 | P9: =O9/10 -> 0 | Q9: =D9*O9/10 -> 0 | S9: =Q9-R9 -> 0
A10: 7 | B10: @Zijing | C10: https://x.com/Zijing | D10: 1000 | O10: =COUNTA(E10:N10) -> 0 | P10: =O10/10 -> 0 | Q10: =D10*O10/10 -> 0 | S10: =Q10-R10 -> 0
A11: 8 | B11: @Zaimiri | C11: https://x.com/Zaimiri | D11: 2500 | O11: =COUNTA(E11:N11) -> 0 | P11: =O11/10 -> 0 | Q11: =D11*O11/10 -> 0 | S11: =Q11-R11 -> 0
A12: 9 | B12: @Afrochicksnft | C12: https://x.com/Afrochicksnft | D12: 1000 | O12: =COUNTA(E12:N12) -> 0 | P12: =O12/10 -> 0 | Q12: =D12*O12/10 -> 0 | S12: =Q12-R12 -> 0
A13: 10 | B13: @MrTimister | C13: https://x.com/MrTimister | D13: 1000 | O13: =COUNTA(E13:N13) -> 0 | P13: =O13/10 -> 0 | Q13: =D13*O13/10 -> 0 | S13: =Q13-R13 -> 0
A14: 11 | B14: @Horkays | C14: https://x.com/Horkays | D14: 1000 | O14: =COUNTA(E14:N14) -> 0 | P14: =O14/10 -> 0 | Q14: =D14*O14/10 -> 0 | S14: =Q14-R14 -> 0
A15: 12 | B15: @jgonzalezferrer | C15: https://x.com/jgonzalezferrer | D15: 1000 | O15: =COUNTA(E15:N15) -> 0 | P15: =O15/10 -> 0 | Q15: =D15*O15/10 -> 0 | S15: =Q15-R15 -> 0
B16: TOTAL | D16: =SUM(D4:D15) -> 13500 | O16: =SUM(O4:O15) -> 0 | P16: =O16/120 -> 0 | Q16: =SUM(Q4:Q15) -> 0 | R16: =SUM(R4:R15) -> 0 | S16: =SUM(S4:S15) -> 0
